repeat,policy,entries,held_readers,workers,iterations_per_worker,payload_bytes,lookup_mean_us,lookup_p50_us,lookup_p95_us,lookup_p99_us,requests_per_second,wall_us_per_request,evictions,fallback
1,lru,64,0,1,5000,64,0.123,0.115,0.180,0.220,274344.840,3.645,5000,0
1,fifo,64,0,1,5000,64,0.127,0.120,0.183,0.221,273007.294,3.663,5000,0
2,fifo,64,0,1,5000,64,0.129,0.122,0.185,0.234,269495.783,3.711,5000,0
2,lru,64,0,1,5000,64,0.122,0.117,0.176,0.219,274442.840,3.644,5000,0
3,lru,64,0,1,5000,64,0.124,0.117,0.179,0.220,271354.971,3.685,5000,0
3,fifo,64,0,1,5000,64,0.126,0.120,0.181,0.223,273023.707,3.663,5000,0
1,lru,64,63,1,5000,64,0.108,0.107,0.140,0.157,273257.238,3.660,5000,0
1,fifo,64,63,1,5000,64,0.308,0.308,0.348,0.373,260033.848,3.846,5000,0
2,fifo,64,63,1,5000,64,0.308,0.307,0.353,0.389,256565.182,3.898,5000,0
2,lru,64,63,1,5000,64,0.106,0.106,0.137,0.156,273441.168,3.657,5000,0
3,lru,64,63,1,5000,64,0.108,0.108,0.140,0.162,275597.328,3.628,5000,0
3,fifo,64,63,1,5000,64,0.306,0.306,0.349,0.370,261319.430,3.827,5000,0
1,lru,64,0,4,5000,64,0.217,0.207,0.293,0.362,1029865.375,0.971,20000,0
1,fifo,64,0,4,5000,64,0.488,0.231,1.557,4.987,837907.751,1.193,20000,0
2,fifo,64,0,4,5000,64,0.504,0.398,1.082,2.839,761756.938,1.313,20000,0
2,lru,64,0,4,5000,64,0.249,0.236,0.353,0.441,975613.373,1.025,20000,0
3,lru,64,0,4,5000,64,0.204,0.195,0.277,0.337,1033436.369,0.968,20000,0
3,fifo,64,0,4,5000,64,0.213,0.205,0.291,0.348,1045418.139,0.957,20000,0
1,lru,64,60,4,5000,64,0.191,0.185,0.254,0.299,1057800.269,0.945,20000,0
1,fifo,64,60,4,5000,64,1.028,0.429,3.092,9.626,727876.017,1.374,20000,0
2,fifo,64,60,4,5000,64,0.787,0.513,1.852,5.568,802331.897,1.246,20000,0
2,lru,64,60,4,5000,64,0.209,0.200,0.299,0.379,1012915.688,0.987,20000,0
3,lru,64,60,4,5000,64,0.183,0.179,0.241,0.288,1063542.461,0.940,20000,0
3,fifo,64,60,4,5000,64,0.412,0.388,0.488,0.912,983665.980,1.017,20000,0
1,lru,1024,0,1,5000,64,0.128,0.119,0.194,0.253,270519.733,3.697,5000,0
1,fifo,1024,0,1,5000,64,0.136,0.126,0.206,0.279,266172.395,3.757,5000,0
2,fifo,1024,0,1,5000,64,0.133,0.124,0.198,0.264,269349.212,3.713,5000,0
2,lru,1024,0,1,5000,64,0.130,0.121,0.198,0.261,271854.240,3.678,5000,0
3,lru,1024,0,1,5000,64,0.130,0.121,0.197,0.264,273524.008,3.656,5000,0
3,fifo,1024,0,1,5000,64,0.133,0.124,0.198,0.257,272609.050,3.668,5000,0
1,lru,1024,1023,1,5000,64,0.122,0.114,0.189,0.226,277607.373,3.602,5000,0
1,fifo,1024,1023,1,5000,64,3.889,3.030,6.494,6.926,134075.346,7.458,5000,0
2,fifo,1024,1023,1,5000,64,4.205,3.032,6.478,6.559,128635.036,7.774,5000,0
2,lru,1024,1023,1,5000,64,0.122,0.116,0.190,0.227,276038.642,3.623,5000,0
3,lru,1024,1023,1,5000,64,0.121,0.114,0.189,0.231,275747.541,3.627,5000,0
3,fifo,1024,1023,1,5000,64,4.402,3.052,6.495,6.586,126022.925,7.935,5000,0
1,lru,1024,0,4,5000,64,0.237,0.216,0.343,0.473,986008.685,1.014,20000,0
1,fifo,1024,0,4,5000,64,1.930,0.944,6.683,13.981,416124.197,2.403,20000,0
2,fifo,1024,0,4,5000,64,0.975,0.531,3.300,8.514,601932.100,1.661,20000,0
2,lru,1024,0,4,5000,64,0.635,0.413,1.565,6.185,698034.280,1.433,20000,0
3,lru,1024,0,4,5000,64,0.553,0.400,1.359,3.772,736588.021,1.358,20000,0
3,fifo,1024,0,4,5000,64,1.408,0.705,4.704,10.048,495927.161,2.016,20000,0
1,lru,1024,1020,4,5000,64,0.215,0.197,0.334,0.457,1019486.932,0.981,20000,0
1,fifo,1024,1020,4,5000,64,5.192,3.816,10.702,14.692,140218.976,7.132,20000,0
2,fifo,1024,1020,4,5000,64,4.159,3.782,4.059,7.343,178994.601,5.587,20000,0
2,lru,1024,1020,4,5000,64,1.422,0.686,4.882,11.815,480415.767,2.082,20000,0
3,lru,1024,1020,4,5000,64,1.325,0.659,4.490,11.477,505825.760,1.977,20000,0
3,fifo,1024,1020,4,5000,64,4.804,3.824,7.517,10.740,152397.220,6.562,20000,0
1,lru,4096,0,1,5000,64,0.131,0.125,0.192,0.232,266595.987,3.751,5000,0
1,fifo,4096,0,1,5000,64,0.133,0.127,0.193,0.232,270121.426,3.702,5000,0
2,fifo,4096,0,1,5000,64,0.129,0.124,0.186,0.227,267299.418,3.741,5000,0
2,lru,4096,0,1,5000,64,0.126,0.121,0.182,0.223,271939.952,3.677,5000,0
3,lru,4096,0,1,5000,64,0.130,0.125,0.190,0.230,269089.983,3.716,5000,0
3,fifo,4096,0,1,5000,64,0.134,0.128,0.189,0.229,269107.855,3.716,5000,0
1,lru,4096,4095,1,5000,64,0.119,0.116,0.165,0.195,271562.202,3.682,5000,0
1,fifo,4096,4095,1,5000,64,12.136,11.165,24.869,25.500,63647.400,15.712,5000,0
2,fifo,4096,4095,1,5000,64,14.982,11.155,25.470,26.013,53873.663,18.562,5000,0
2,lru,4096,4095,1,5000,64,0.121,0.118,0.166,0.200,271985.632,3.677,5000,0
3,lru,4096,4095,1,5000,64,0.121,0.116,0.166,0.195,275023.933,3.636,5000,0
3,fifo,4096,4095,1,5000,64,13.237,11.172,25.415,25.559,59468.750,16.816,5000,0
1,lru,4096,0,4,5000,64,0.235,0.211,0.376,0.499,968529.850,1.032,20000,0
1,fifo,4096,0,4,5000,64,0.211,0.201,0.292,0.363,1008735.396,0.991,20000,0
2,fifo,4096,0,4,5000,64,0.947,0.407,3.563,9.814,605282.085,1.652,20000,0
2,lru,4096,0,4,5000,64,0.380,0.269,0.742,2.557,830468.011,1.204,20000,0
3,lru,4096,0,4,5000,64,0.378,0.273,0.676,2.340,846404.320,1.181,20000,0
3,fifo,4096,0,4,5000,64,0.287,0.243,0.475,1.047,906181.736,1.104,20000,0
1,lru,4096,4092,4,5000,64,0.203,0.186,0.326,0.423,1015682.545,0.985,20000,0
1,fifo,4096,4092,4,5000,64,117.255,64.994,378.384,643.281,17151.013,58.306,20000,0
2,fifo,4096,4092,4,5000,64,102.648,60.114,380.576,613.506,18619.404,53.707,20000,0
2,lru,4096,4092,4,5000,64,0.182,0.178,0.247,0.293,1053778.645,0.949,20000,0
3,lru,4096,4092,4,5000,64,0.243,0.210,0.411,0.561,954931.575,1.047,20000,0
3,fifo,4096,4092,4,5000,64,15.707,14.423,28.377,30.863,57329.613,17.443,20000,0
1,lru,4096,64,1,5000,64,0.134,0.126,0.201,0.248,266744.656,3.749,5000,0
1,fifo,4096,64,1,5000,64,0.338,0.334,0.400,0.441,255299.233,3.917,5000,0
2,fifo,4096,64,1,5000,64,0.362,0.347,0.415,0.464,252960.805,3.953,5000,0
2,lru,4096,64,1,5000,64,0.131,0.125,0.190,0.233,268781.222,3.720,5000,0
3,lru,4096,64,1,5000,64,0.127,0.121,0.184,0.231,269812.843,3.706,5000,0
3,fifo,4096,64,1,5000,64,0.349,0.343,0.407,0.452,254071.599,3.936,5000,0
1,lru,4096,64,4,5000,64,0.246,0.215,0.406,0.567,966766.858,1.034,20000,0
1,fifo,4096,64,4,5000,64,2.448,1.345,9.627,17.372,430871.244,2.321,20000,0
2,fifo,4096,64,4,5000,64,2.404,1.206,10.080,17.904,436539.919,2.291,20000,0
2,lru,4096,64,4,5000,64,1.020,0.427,3.905,10.520,573495.844,1.744,20000,0
3,lru,4096,64,4,5000,64,0.521,0.307,1.525,4.446,747104.466,1.339,20000,0
3,fifo,4096,64,4,5000,64,0.528,0.462,0.714,1.897,921128.891,1.086,20000,0
1,lru,4096,256,1,5000,64,0.135,0.129,0.195,0.238,265961.974,3.760,5000,0
1,fifo,4096,256,1,5000,64,1.081,1.028,1.260,1.779,210582.388,4.749,5000,0
2,fifo,4096,256,1,5000,64,1.030,0.930,1.300,1.368,216506.593,4.619,5000,0
2,lru,4096,256,1,5000,64,0.130,0.123,0.187,0.230,269430.797,3.712,5000,0
3,lru,4096,256,1,5000,64,0.130,0.124,0.186,0.231,270799.236,3.693,5000,0
3,fifo,4096,256,1,5000,64,1.274,1.265,1.351,1.419,206153.271,4.851,5000,0
1,lru,4096,256,4,5000,64,0.265,0.228,0.432,0.628,951528.021,1.051,20000,0
1,fifo,4096,256,4,5000,64,3.272,1.905,12.000,17.746,400302.124,2.498,20000,0
2,fifo,4096,256,4,5000,64,2.914,1.665,11.152,16.116,431026.828,2.320,20000,0
2,lru,4096,256,4,5000,64,0.417,0.339,0.702,1.943,815273.630,1.227,20000,0
3,lru,4096,256,4,5000,64,0.328,0.256,0.557,1.474,881754.010,1.134,20000,0
3,fifo,4096,256,4,5000,64,3.495,1.998,11.902,19.882,378292.316,2.643,20000,0
