repeat,policy,retention,entries,in_flight,frames,bytes,cpu_stages,cpu_delay_us,cache_wait_ms,peak_in_flight,frames_per_second,latency_p50_us,latency_p95_us,b_hits,b_h2d_bytes,hit,fill,eviction,discard,fallback,loading_timeout,full_timeout,loading_no_wait,full_no_wait,capacity_zero,replica_unavailable,waited_requests,total_wait_us,max_wait_us
1,lru,keep,8,32,1000,65536,3,0,50,32,15361.721,2111.934,2149.044,80,60293120,80,1920,1912,0,0,0,0,0,0,0,0,0,0.000,0.000
1,lru,discard,8,32,1000,65536,3,0,50,7,19645.720,224.700,318.809,1000,0,1000,1000,0,1000,0,0,0,0,0,0,0,0,0.000,0.000
1,fifo,keep,8,32,1000,65536,3,0,50,5,18819.475,225.084,228.652,1000,0,1000,1000,992,0,0,0,0,0,0,0,0,0,0.000,0.000
1,fifo,discard,8,32,1000,65536,3,0,50,6,19247.018,267.015,277.551,1000,0,1000,1000,0,1000,0,0,0,0,0,0,0,0,0.000,0.000
2,lru,discard,8,32,1000,65536,3,0,50,6,19257.796,224.567,272.453,1000,0,1000,1000,0,1000,0,0,0,0,0,0,0,0,0.000,0.000
2,fifo,keep,8,32,1000,65536,3,0,50,5,18910.877,168.810,177.274,1000,0,1000,1000,992,0,0,0,0,0,0,0,0,0,0.000,0.000
2,fifo,discard,8,32,1000,65536,3,0,50,8,19706.366,369.480,385.592,1000,0,1000,1000,0,1000,0,0,0,0,0,0,0,0,0.000,0.000
2,lru,keep,8,32,1000,65536,3,0,50,5,19076.913,222.170,228.859,1000,0,1000,1000,992,0,0,0,0,0,0,0,0,0,0.000,0.000
3,fifo,keep,8,32,1000,65536,3,0,50,6,19327.153,268.031,279.651,1000,0,1000,1000,992,0,0,0,0,0,0,0,0,0,0.000,0.000
3,fifo,discard,8,32,1000,65536,3,0,50,7,19750.184,266.613,280.893,1000,0,1000,1000,0,1000,0,0,0,0,0,0,0,0,0.000,0.000
3,lru,keep,8,32,1000,65536,3,0,50,5,18969.388,220.478,229.451,1000,0,1000,1000,992,0,0,0,0,0,0,0,0,0,0.000,0.000
3,lru,discard,8,32,1000,65536,3,0,50,32,15229.150,2084.593,2834.450,279,47251456,279,1721,721,1000,0,0,0,0,0,0,0,0,0.000,0.000
1,lru,keep,8,32,1000,65536,3,50,50,32,1880.491,17434.903,18338.207,0,65536000,0,2000,1992,0,0,0,0,0,0,0,0,0,0.000,0.000
1,lru,discard,8,32,1000,65536,3,50,50,32,1809.866,17469.155,18456.082,8,65011712,8,1992,992,1000,0,0,0,0,0,0,0,0,0.000,0.000
1,fifo,keep,8,32,1000,65536,3,50,50,32,1863.643,17459.629,18490.500,2,65404928,2,1998,1990,0,0,0,0,0,0,0,0,0,0.000,0.000
1,fifo,discard,8,32,1000,65536,3,50,50,32,2345.135,11996.465,17434.889,8,65011712,8,1992,992,1000,0,0,0,0,0,0,0,0,0.000,0.000
2,lru,discard,8,32,1000,65536,3,50,50,32,1835.496,17416.400,18507.284,9,64946176,9,1991,991,1000,0,0,0,0,0,0,0,0,0.000,0.000
2,fifo,keep,8,32,1000,65536,3,50,50,32,1834.117,17438.289,18461.073,2,65404928,2,1998,1990,0,0,0,0,0,0,0,0,0,0.000,0.000
2,fifo,discard,8,32,1000,65536,3,50,50,32,1817.394,17460.395,18439.659,9,64946176,9,1991,991,1000,0,0,0,0,0,0,0,0,0.000,0.000
2,lru,keep,8,32,1000,65536,3,50,50,32,1832.193,17421.172,18465.024,1,65470464,1,1999,1991,0,0,0,0,0,0,0,0,0,0.000,0.000
3,fifo,keep,8,32,1000,65536,3,50,50,32,1821.057,17444.036,18329.748,2,65404928,2,1998,1990,0,0,0,0,0,0,0,0,0,0.000,0.000
3,fifo,discard,8,32,1000,65536,3,50,50,32,1836.279,17442.716,18339.588,8,65011712,8,1992,992,1000,0,0,0,0,0,0,0,0,0.000,0.000
3,lru,keep,8,32,1000,65536,3,50,50,32,1884.180,17113.946,18550.169,1,65470464,1,1999,1991,0,0,0,0,0,0,0,0,0,0.000,0.000
3,lru,discard,8,32,1000,65536,3,50,50,32,2035.355,14655.611,18440.237,8,65011712,8,1992,992,1000,0,0,0,0,0,0,0,0,0.000,0.000
1,lru,keep,32,32,1000,65536,3,0,50,8,19044.625,276.727,385.680,1000,0,1000,1000,968,0,0,0,0,0,0,0,0,0,0.000,0.000
1,lru,discard,32,32,1000,65536,3,0,50,5,18730.218,225.750,228.618,1000,0,1000,1000,0,1000,0,0,0,0,0,0,0,0,0.000,0.000
1,fifo,keep,32,32,1000,65536,3,0,50,9,19249.374,418.842,433.299,1000,0,1000,1000,968,0,0,0,0,0,0,0,0,0,0.000,0.000
1,fifo,discard,32,32,1000,65536,3,0,50,8,19639.598,367.797,377.438,1000,0,1000,1000,0,1000,0,0,0,0,0,0,0,0,0.000,0.000
2,lru,discard,32,32,1000,65536,3,0,50,7,19677.131,318.440,325.779,1000,0,1000,1000,0,1000,0,0,0,0,0,0,0,0,0.000,0.000
2,fifo,keep,32,32,1000,65536,3,0,50,6,19432.934,225.878,270.195,1000,0,1000,1000,968,0,0,0,0,0,0,0,0,0,0.000,0.000
2,fifo,discard,32,32,1000,65536,3,0,50,8,19294.123,322.470,382.327,1000,0,1000,1000,0,1000,0,0,0,0,0,0,0,0,0.000,0.000
2,lru,keep,32,32,1000,65536,3,0,50,6,19242.280,272.714,277.269,1000,0,1000,1000,968,0,0,0,0,0,0,0,0,0,0.000,0.000
3,fifo,keep,32,32,1000,65536,3,0,50,6,19505.038,216.102,266.158,1000,0,1000,1000,968,0,0,0,0,0,0,0,0,0,0.000,0.000
3,fifo,discard,32,32,1000,65536,3,0,50,6,18987.200,226.279,279.574,1000,0,1000,1000,0,1000,0,0,0,0,0,0,0,0,0.000,0.000
3,lru,keep,32,32,1000,65536,3,0,50,6,19854.143,223.260,268.711,1000,0,1000,1000,968,0,0,0,0,0,0,0,0,0,0.000,0.000
3,lru,discard,32,32,1000,65536,3,0,50,11,19636.785,360.549,535.457,1000,0,1000,1000,0,1000,0,0,0,0,0,0,0,0,0.000,0.000
1,lru,keep,32,32,1000,65536,3,50,50,32,1842.600,17536.481,18583.098,5,65208320,5,1995,1963,0,0,0,0,0,0,0,0,0,0.000,0.000
1,lru,discard,32,32,1000,65536,3,50,50,32,1809.335,17458.131,18395.865,1000,0,1000,1000,0,1000,0,0,0,0,0,0,0,0,0.000,0.000
1,fifo,keep,32,32,1000,65536,3,50,50,32,1854.093,17341.337,17886.519,1000,0,1000,1000,968,0,0,0,0,0,0,0,0,0,0.000,0.000
1,fifo,discard,32,32,1000,65536,3,50,50,32,1847.419,17423.211,17552.352,1000,0,1000,1000,0,1000,0,0,0,0,0,0,0,0,0.000,0.000
2,lru,discard,32,32,1000,65536,3,50,50,32,1841.146,17367.334,17582.343,1000,0,1000,1000,0,1000,0,0,0,0,0,0,0,0,0.000,0.000
2,fifo,keep,32,32,1000,65536,3,50,50,32,1864.455,17430.550,18338.380,1000,0,1000,1000,968,0,0,0,0,0,0,0,0,0,0.000,0.000
2,fifo,discard,32,32,1000,65536,3,50,50,32,1999.766,16260.464,16711.442,1000,0,1000,1000,0,1000,0,0,0,0,0,0,0,0,0.000,0.000
2,lru,keep,32,32,1000,65536,3,50,50,32,2094.878,14129.061,18441.348,9,64946176,9,1991,1959,0,0,0,0,0,0,0,0,0,0.000,0.000
3,fifo,keep,32,32,1000,65536,3,50,50,32,1859.019,17445.496,18547.671,1000,0,1000,1000,968,0,0,0,0,0,0,0,0,0,0.000,0.000
3,fifo,discard,32,32,1000,65536,3,50,50,32,1816.198,17444.982,18373.118,1000,0,1000,1000,0,1000,0,0,0,0,0,0,0,0,0.000,0.000
3,lru,keep,32,32,1000,65536,3,50,50,32,1783.345,18244.624,18558.433,8,65011712,8,1992,1960,0,0,0,0,0,0,0,0,0,0.000,0.000
3,lru,discard,32,32,1000,65536,3,50,50,32,1801.252,17450.913,18489.098,1000,0,1000,1000,0,1000,0,0,0,0,0,0,0,0,0.000,0.000
