Time (%),Total Time (ns),Num Calls,Avg (ns),Med (ns),Min (ns),Max (ns),StdDev (ns),Name
84.9,56760550,228,248949.8,257514.5,365,424805,53932.7,cudaStreamSynchronize
4.7,3118973,660,4725.7,2378.5,1756,177499,16969.0,cudaLaunchKernel
4.7,3114962,880,3539.7,2105.5,1446,560710,22939.4,cudaMemcpyAsync
2.0,1324948,16,82809.3,1843.5,1199,673552,221192.4,cudaHostAlloc
1.6,1101711,21,52462.4,1967.0,832,904180,196997.1,cudaFree
1.0,688677,16,43042.3,1981.5,890,337700,111838.2,cudaFreeHost
0.3,221173,4,55293.3,2746.5,1684,213996,105805.4,cudaStreamCreateWithFlags
0.2,122278,3,40759.3,32196.0,31893,58189,15095.3,cuLibraryLoadData
0.2,121734,20,6086.7,1794.0,1087,49462,12164.8,cudaMalloc
0.1,96956,465,208.5,169.0,99,9192,424.6,cuGetProcAddress_v2
0.1,61880,16,3867.5,2212.0,1829,23366,5302.6,cudaMemsetAsync
0.1,50115,660,75.9,68.0,57,766,41.9,cuKernelGetName
0.0,30631,1,30631.0,30631.0,30631,30631,0.0,cudaMemGetInfo
0.0,21311,4,5327.8,3429.5,1357,13095,5375.3,cudaStreamDestroy
0.0,1693,1,1693.0,1693.0,1693,1693,0.0,cuInit
0.0,693,3,231.0,232.0,199,262,31.5,cuLibraryGetKernel
0.0,281,1,281.0,281.0,281,281,0.0,cudaGetDeviceProperties_v12000
0.0,208,1,208.0,208.0,208,208,0.0,cuModuleGetLoadingMode
