Time (%),Total Time (ns),Instances,Avg (ns),Med (ns),Min (ns),Max (ns),StdDev (ns),Style,Range
36.1,92088523,220,418584.2,399673.0,327697,1382683,124100.4,PushPop,:Task.execute
24.1,61548926,220,279767.8,281275.5,47412,367072,37846.0,PushPop,:Cache.freeCacheData
24.1,61362455,220,278920.3,280477.0,46363,366231,37874.7,PushPop,:Cache.stream_sync
8.0,20389236,1,20389236.0,20389236.0,20389236,20389236,0.0,PushPop,:Phase.timed
3.9,10067225,220,45760.1,45095.5,25040,241731,17236.9,PushPop,:Frame.H2D.submit_with_staging
1.2,3129706,1,3129706.0,3129706.0,3129706,3129706,0.0,PushPop,:Phase.warmup
0.6,1464917,220,6658.7,2964.5,2323,355182,31669.5,PushPop,:Mi.kernels.submit
0.6,1453852,220,6608.4,2960.0,2544,387826,31626.1,PushPop,:Sdd.kernels.submit
0.5,1285527,220,5843.3,3593.0,3102,160051,16328.0,PushPop,:Cel.kernels.submit
0.3,746646,220,3393.8,2618.5,2184,85693,5713.0,PushPop,:Cel.D2H.submit
0.3,660668,220,3003.0,2283.5,1949,126687,8398.3,PushPop,:Sdd.D2H.submit
0.2,551638,220,2507.4,2243.0,1853,7373,897.3,PushPop,:Mi.D2H.submit
0.0,107186,220,487.2,364.0,196,7991,691.8,PushPop,:Cache.getCacheData
0.0,74588,220,339.0,296.0,150,1114,148.0,PushPop,:Cache.publish_release
